source,target,weight,snapshot_date
Paraguay,Dominican Republic,0.8498,2026-03-26
Paraguay,Barbados,0.782018,2026-03-26
Paraguay,Kazakhstan,0.776802,2026-03-26
Paraguay,Tajikistan,0.761191,2026-03-26
Paraguay,Belize,0.734643,2026-03-26
Uzbekistan,Dominican Republic,0.739718,2026-03-26
Uzbekistan,Barbados,0.692697,2026-03-26
Uzbekistan,Paraguay,0.668446,2026-03-26
Uzbekistan,Albania,0.657702,2026-03-26
Uzbekistan,Latvia,0.647129,2026-03-26
Nauru,Tuvalu,0.979463,2026-03-26
Nauru,Bhutan,0.805863,2026-03-26
Nauru,Cuba,0.766206,2026-03-26
Nauru,Samoa,0.765824,2026-03-26
Nauru,Cambodia,0.723789,2026-03-26
Marshall Islands,Burma,0.955315,2026-03-26
Marshall Islands,Congo (Brazzaville),0.941765,2026-03-26
Marshall Islands,Palau,0.920483,2026-03-26
Marshall Islands,Timor-Leste,0.917856,2026-03-26
Marshall Islands,Antarctica,0.915238,2026-03-26
United Kingdom,France,0.003168,2026-03-26
United Kingdom,Italy,0.00175,2026-03-26
United Kingdom,Mexico,0.0,2026-03-26
United Kingdom,Austria,0.0,2026-03-26
United Kingdom,Chile,0.0,2026-03-26
Guinea-Bissau,Namibia,0.827353,2026-03-26
Guinea-Bissau,Gabon,0.768005,2026-03-26
Guinea-Bissau,Senegal,0.691316,2026-03-26
Guinea-Bissau,Nigeria,0.6109,2026-03-26
Guinea-Bissau,Egypt,0.586471,2026-03-26
Mauritius,Ireland,0.779383,2026-03-26
Mauritius,Finland,0.651013,2026-03-26
Mauritius,Qatar,0.582478,2026-03-26
Mauritius,Denmark,0.409503,2026-03-26
Mauritius,Sweden,0.344076,2026-03-26
Luxembourg,Bulgaria,0.514664,2026-03-26
Luxembourg,Lebanon,0.47772,2026-03-26
Luxembourg,Bolivia,0.353147,2026-03-26
Luxembourg,Armenia,0.351268,2026-03-26
Luxembourg,Hungary,0.293539,2026-03-26
Eswatini,Mauritania,0.811213,2026-03-26
Eswatini,Somalia,0.795347,2026-03-26
Eswatini,South Sudan,0.794667,2026-03-26
Eswatini,Lesotho,0.790112,2026-03-26
Eswatini,Albania,0.778526,2026-03-26
Argentina,Sweden,0.695444,2026-03-26
Argentina,Colombia,0.694515,2026-03-26
Argentina,Hungary,0.689845,2026-03-26
Argentina,Denmark,0.615087,2026-03-26
Argentina,Philippines,0.57567,2026-03-26
"Korea, North",Antarctica,1.0,2026-03-26
"Korea, North",West Bank and Gaza,1.0,2026-03-26
"Korea, North",Holy See,1.0,2026-03-26
"Korea, North",Micronesia,1.0,2026-03-26
"Korea, North",Summer Olympics 2020,1.0,2026-03-26
Iraq,Angola,0.885674,2026-03-26
Iraq,Mali,0.805019,2026-03-26
Iraq,Benin,0.797951,2026-03-26
Iraq,Niger,0.709129,2026-03-26
Iraq,Burkina Faso,0.64819,2026-03-26
Yemen,Burkina Faso,0.684412,2026-03-26
Yemen,Benin,0.655493,2026-03-26
Yemen,Iraq,0.606575,2026-03-26
Yemen,Angola,0.557777,2026-03-26
Yemen,Papua New Guinea,0.552822,2026-03-26
Afghanistan,Niger,0.656634,2026-03-26
Afghanistan,Tanzania,0.621395,2026-03-26
Afghanistan,Zambia,0.550421,2026-03-26
Afghanistan,Angola,0.544556,2026-03-26
Afghanistan,Papua New Guinea,0.52483,2026-03-26
Israel,Moldova,0.213663,2026-03-26
Israel,Netherlands,0.196305,2026-03-26
Israel,Iran,0.181763,2026-03-26
Israel,Peru,0.103258,2026-03-26
Israel,Bahrain,0.074306,2026-03-26
Tunisia,Azerbaijan,0.837815,2026-03-26
Tunisia,Honduras,0.719504,2026-03-26
Tunisia,Kosovo,0.652742,2026-03-26
Tunisia,Sierra Leone,0.607978,2026-03-26
Tunisia,Dominica,0.600522,2026-03-26
Brunei,United Arab Emirates,0.535659,2026-03-26
Brunei,Argentina,0.529137,2026-03-26
Brunei,Sweden,0.470707,2026-03-26
Brunei,Denmark,0.451716,2026-03-26
Brunei,Colombia,0.41748,2026-03-26
Kenya,Nigeria,0.721569,2026-03-26
Kenya,Cameroon,0.702402,2026-03-26
Kenya,Uganda,0.668597,2026-03-26
Kenya,Ghana,0.654479,2026-03-26
Kenya,Togo,0.648663,2026-03-26
Madagascar,Equatorial Guinea,0.894549,2026-03-26
Madagascar,Marshall Islands,0.859988,2026-03-26
Madagascar,Burma,0.859246,2026-03-26
Madagascar,Congo (Brazzaville),0.856618,2026-03-26
Madagascar,Palau,0.850287,2026-03-26
US,Russia,0.0,2026-03-26
US,"Korea, South",0.0,2026-03-26
US,Japan,0.0,2026-03-26
US,Germany,0.0,2026-03-26
US,Austria,0.0,2026-03-26
Bahrain,Peru,0.598117,2026-03-26
Bahrain,Slovenia,0.550779,2026-03-26
Bahrain,Portugal,0.444967,2026-03-26
Bahrain,South Africa,0.335545,2026-03-26
Bahrain,India,0.333253,2026-03-26
Dominican Republic,Paraguay,0.8498,2026-03-26
Dominican Republic,Tajikistan,0.768552,2026-03-26
Dominican Republic,Barbados,0.7439,2026-03-26
Dominican Republic,Albania,0.74275,2026-03-26
Dominican Republic,Uzbekistan,0.739718,2026-03-26
Albania,Central African Republic,0.827934,2026-03-26
Albania,Lesotho,0.820048,2026-03-26
Albania,Vanuatu,0.798543,2026-03-26
Albania,Guyana,0.798456,2026-03-26
Albania,Tajikistan,0.786838,2026-03-26
New Zealand,Ukraine,0.074222,2026-03-26
New Zealand,Brazil,0.037838,2026-03-26
New Zealand,Belgium,0.019285,2026-03-26
New Zealand,Canada,0.000323,2026-03-26
New Zealand,Australia,0.000139,2026-03-26
Portugal,India,0.569321,2026-03-26
Portugal,Bahrain,0.444967,2026-03-26
Portugal,Slovenia,0.414906,2026-03-26
Portugal,Peru,0.320359,2026-03-26
Portugal,South Africa,0.293629,2026-03-26
Zambia,Angola,0.659824,2026-03-26
Zambia,Benin,0.607386,2026-03-26
Zambia,Iraq,0.585931,2026-03-26
Zambia,Afghanistan,0.550421,2026-03-26
Zambia,Niger,0.541875,2026-03-26
El Salvador,Laos,0.95069,2026-03-26
El Salvador,Sri Lanka,0.883655,2026-03-26
El Salvador,Morocco,0.781755,2026-03-26
El Salvador,Liberia,0.67063,2026-03-26
El Salvador,Greece,0.663465,2026-03-26
Grenada,Saint Vincent and the Grenadines,0.95387,2026-03-26
Grenada,Saint Lucia,0.949575,2026-03-26
Grenada,Djibouti,0.923413,2026-03-26
Grenada,Somalia,0.878268,2026-03-26
Grenada,Mauritania,0.843318,2026-03-26
Congo (Brazzaville),Burma,0.985816,2026-03-26
Congo (Brazzaville),Palau,0.977402,2026-03-26
Congo (Brazzaville),Timor-Leste,0.974614,2026-03-26
Congo (Brazzaville),Micronesia,0.971833,2026-03-26
Congo (Brazzaville),Antarctica,0.971833,2026-03-26
Peru,Bahrain,0.598117,2026-03-26
Peru,Slovenia,0.485147,2026-03-26
Peru,Portugal,0.320359,2026-03-26
Peru,South Africa,0.304137,2026-03-26
Peru,Iran,0.281009,2026-03-26
Sierra Leone,Dominica,0.755734,2026-03-26
Sierra Leone,Solomon Islands,0.714051,2026-03-26
Sierra Leone,Bahamas,0.686602,2026-03-26
Sierra Leone,Guinea,0.685512,2026-03-26
Sierra Leone,Suriname,0.681631,2026-03-26
Russia,"Korea, South",0.0,2026-03-26
Russia,Japan,0.0,2026-03-26
Russia,Germany,0.0,2026-03-26
Russia,Austria,0.0,2026-03-26
Russia,France,0.0,2026-03-26
Estonia,Norway,0.719157,2026-03-26
Estonia,Latvia,0.682069,2026-03-26
Estonia,Kuwait,0.658758,2026-03-26
Estonia,Uzbekistan,0.613307,2026-03-26
Estonia,Barbados,0.610262,2026-03-26
Syria,Algeria,0.881324,2026-03-26
Syria,Gambia,0.860176,2026-03-26
Syria,Malawi,0.819164,2026-03-26
Syria,Chad,0.818898,2026-03-26
Syria,Equatorial Guinea,0.79839,2026-03-26
Australia,Brazil,0.003506,2026-03-26
Australia,New Zealand,0.000139,2026-03-26
Australia,Belgium,8.2e-05,2026-03-26
Australia,Ukraine,1.2e-05,2026-03-26
Australia,Poland,1e-06,2026-03-26
Uruguay,Cuba,0.861282,2026-03-26
Uruguay,Bhutan,0.84408,2026-03-26
Uruguay,Tonga,0.778614,2026-03-26
Uruguay,Cambodia,0.765312,2026-03-26
Uruguay,Iceland,0.756141,2026-03-26
Lebanon,Bolivia,0.605603,2026-03-26
Lebanon,Bulgaria,0.593905,2026-03-26
Lebanon,Hungary,0.542065,2026-03-26
Lebanon,Sweden,0.506669,2026-03-26
Lebanon,Argentina,0.48314,2026-03-26
Canada,Spain,0.012059,2026-03-26
Canada,Ukraine,0.003457,2026-03-26
Canada,Czechia,0.000818,2026-03-26
Canada,New Zealand,0.000323,2026-03-26
Canada,Romania,0.00022,2026-03-26
Gambia,Chad,0.920815,2026-03-26
Gambia,Algeria,0.915778,2026-03-26
Gambia,Kyrgyzstan,0.902185,2026-03-26
Gambia,Malawi,0.875261,2026-03-26
Gambia,Sudan,0.867622,2026-03-26
Fiji,Morocco,0.751769,2026-03-26
Fiji,Turkey,0.701307,2026-03-26
Fiji,Greece,0.697486,2026-03-26
Fiji,Ecuador,0.657571,2026-03-26
Fiji,Laos,0.65756,2026-03-26
Venezuela,Mozambique,0.793602,2026-03-26
Venezuela,Croatia,0.624152,2026-03-26
Venezuela,Barbados,0.617509,2026-03-26
Venezuela,Egypt,0.599045,2026-03-26
Venezuela,Turkey,0.583775,2026-03-26
Cameroon,Kenya,0.702402,2026-03-26
Cameroon,Namibia,0.679755,2026-03-26
Cameroon,Nigeria,0.659243,2026-03-26
Cameroon,Cote d'Ivoire,0.633986,2026-03-26
Cameroon,Papua New Guinea,0.633662,2026-03-26
Moldova,Netherlands,0.483417,2026-03-26
Moldova,Israel,0.213663,2026-03-26
Moldova,Iran,0.115374,2026-03-26
Moldova,Singapore,0.091522,2026-03-26
Moldova,Peru,0.061293,2026-03-26
India,Portugal,0.569321,2026-03-26
India,Slovenia,0.402197,2026-03-26
India,South Africa,0.348135,2026-03-26
India,Bahrain,0.333253,2026-03-26
India,Peru,0.249987,2026-03-26
Indonesia,Cyprus,0.666804,2026-03-26
Indonesia,Slovakia,0.525614,2026-03-26
Indonesia,Malaysia,0.510895,2026-03-26
Indonesia,Georgia,0.28157,2026-03-26
Indonesia,Switzerland,0.255613,2026-03-26
Summer Olympics 2020,"Korea, North",1.0,2026-03-26
Summer Olympics 2020,Antarctica,1.0,2026-03-26
Summer Olympics 2020,West Bank and Gaza,1.0,2026-03-26
Summer Olympics 2020,Holy See,1.0,2026-03-26
Summer Olympics 2020,Micronesia,1.0,2026-03-26
Greece,Ecuador,0.876926,2026-03-26
Greece,Turkey,0.767891,2026-03-26
Greece,Antigua and Barbuda,0.76201,2026-03-26
Greece,Nicaragua,0.7111,2026-03-26
Greece,Morocco,0.707297,2026-03-26
Nicaragua,Ecuador,0.80632,2026-03-26
Nicaragua,Malta,0.714514,2026-03-26
Nicaragua,Greece,0.7111,2026-03-26
Nicaragua,Cambodia,0.683054,2026-03-26
Nicaragua,Vietnam,0.643415,2026-03-26
Micronesia,"Korea, North",1.0,2026-03-26
Micronesia,Antarctica,1.0,2026-03-26
Micronesia,West Bank and Gaza,1.0,2026-03-26
Micronesia,Holy See,1.0,2026-03-26
Micronesia,Summer Olympics 2020,1.0,2026-03-26
Armenia,Montenegro,0.68171,2026-03-26
Armenia,Bulgaria,0.591535,2026-03-26
Armenia,Kuwait,0.44118,2026-03-26
Armenia,Estonia,0.430645,2026-03-26
Armenia,Jamaica,0.427027,2026-03-26
Cyprus,Indonesia,0.666804,2026-03-26
Cyprus,Malaysia,0.629959,2026-03-26
Cyprus,Slovakia,0.399933,2026-03-26
Cyprus,Switzerland,0.239672,2026-03-26
Cyprus,Guatemala,0.222427,2026-03-26
San Marino,Trinidad and Tobago,0.076077,2026-03-26
San Marino,Andorra,0.011748,2026-03-26
San Marino,Mauritius,0.003704,2026-03-26
San Marino,Ireland,0.003699,2026-03-26
San Marino,Finland,0.002758,2026-03-26
Kuwait,Norway,0.714609,2026-03-26
Kuwait,Panama,0.673065,2026-03-26
Kuwait,Estonia,0.658758,2026-03-26
Kuwait,Montenegro,0.579158,2026-03-26
Kuwait,Saudi Arabia,0.568069,2026-03-26
Libya,Zimbabwe,0.394602,2026-03-26
Libya,Burkina Faso,0.381603,2026-03-26
Libya,Mongolia,0.314269,2026-03-26
Libya,Benin,0.312029,2026-03-26
Libya,Yemen,0.29136,2026-03-26
Belarus,Maldives,0.91077,2026-03-26
Belarus,Kiribati,0.874613,2026-03-26
Belarus,Iceland,0.800017,2026-03-26
Belarus,Saint Kitts and Nevis,0.797399,2026-03-26
Belarus,Oman,0.771501,2026-03-26
Antarctica,"Korea, North",1.0,2026-03-26
Antarctica,West Bank and Gaza,1.0,2026-03-26
Antarctica,Holy See,1.0,2026-03-26
Antarctica,Micronesia,1.0,2026-03-26
Antarctica,Summer Olympics 2020,1.0,2026-03-26
Nigeria,Egypt,0.783165,2026-03-26
Nigeria,Kenya,0.721569,2026-03-26
Nigeria,Namibia,0.719971,2026-03-26
Nigeria,Cameroon,0.659243,2026-03-26
Nigeria,Guinea-Bissau,0.6109,2026-03-26
Panama,Saudi Arabia,0.701848,2026-03-26
Panama,Kuwait,0.673065,2026-03-26
Panama,Norway,0.668673,2026-03-26
Panama,Estonia,0.605132,2026-03-26
Panama,Montenegro,0.491751,2026-03-26
Holy See,"Korea, North",1.0,2026-03-26
Holy See,Antarctica,1.0,2026-03-26
Holy See,West Bank and Gaza,1.0,2026-03-26
Holy See,Micronesia,1.0,2026-03-26
Holy See,Summer Olympics 2020,1.0,2026-03-26
Germany,Austria,0.0,2026-03-26
Germany,France,0.0,2026-03-26
Germany,United Kingdom,0.0,2026-03-26
Germany,Italy,0.0,2026-03-26
Germany,Japan,0.0,2026-03-26
Latvia,Thailand,0.761246,2026-03-26
Latvia,Estonia,0.682069,2026-03-26
Latvia,Barbados,0.662809,2026-03-26
Latvia,Uzbekistan,0.647129,2026-03-26
Latvia,Dominican Republic,0.621282,2026-03-26
South Sudan,Mauritania,0.921937,2026-03-26
South Sudan,Djibouti,0.850181,2026-03-26
South Sudan,Sudan,0.837874,2026-03-26
South Sudan,Chad,0.833129,2026-03-26
South Sudan,Somalia,0.820465,2026-03-26
West Bank and Gaza,"Korea, North",1.0,2026-03-26
West Bank and Gaza,Antarctica,1.0,2026-03-26
West Bank and Gaza,Holy See,1.0,2026-03-26
West Bank and Gaza,Micronesia,1.0,2026-03-26
West Bank and Gaza,Summer Olympics 2020,1.0,2026-03-26
Ukraine,New Zealand,0.074222,2026-03-26
Ukraine,Belgium,0.007466,2026-03-26
Ukraine,Canada,0.003457,2026-03-26
Ukraine,Brazil,0.003043,2026-03-26
Ukraine,Spain,4.3e-05,2026-03-26
Azerbaijan,Tunisia,0.837815,2026-03-26
Azerbaijan,Kosovo,0.677092,2026-03-26
Azerbaijan,Honduras,0.655844,2026-03-26
Azerbaijan,Ethiopia,0.597782,2026-03-26
Azerbaijan,Sierra Leone,0.56527,2026-03-26
Andorra,Monaco,0.224348,2026-03-26
Andorra,Kosovo,0.176284,2026-03-26
Andorra,Comoros,0.147113,2026-03-26
Andorra,Albania,0.142737,2026-03-26
Andorra,Mauritius,0.139675,2026-03-26
Saudi Arabia,Panama,0.701848,2026-03-26
Saudi Arabia,Norway,0.594173,2026-03-26
Saudi Arabia,Kuwait,0.568069,2026-03-26
Saudi Arabia,Estonia,0.51611,2026-03-26
Saudi Arabia,Croatia,0.512912,2026-03-26
Morocco,Laos,0.796352,2026-03-26
Morocco,Sri Lanka,0.788853,2026-03-26
Morocco,El Salvador,0.781755,2026-03-26
Morocco,Fiji,0.751769,2026-03-26
Morocco,Turkey,0.733411,2026-03-26
Croatia,Venezuela,0.624152,2026-03-26
Croatia,Estonia,0.569512,2026-03-26
Croatia,Barbados,0.522202,2026-03-26
Croatia,Mozambique,0.516813,2026-03-26
Croatia,Pakistan,0.515388,2026-03-26
Tajikistan,Vanuatu,0.894182,2026-03-26
Tajikistan,Central African Republic,0.853847,2026-03-26
Tajikistan,Sao Tome and Principe,0.806745,2026-03-26
Tajikistan,Lesotho,0.797807,2026-03-26
Tajikistan,North Macedonia,0.791939,2026-03-26
Norway,Estonia,0.719157,2026-03-26
Norway,Kuwait,0.714609,2026-03-26
Norway,Panama,0.668673,2026-03-26
Norway,Saudi Arabia,0.594173,2026-03-26
Norway,Latvia,0.580749,2026-03-26
Botswana,Rwanda,0.561126,2026-03-26
Botswana,Zambia,0.539803,2026-03-26
Botswana,Tanzania,0.52142,2026-03-26
Botswana,Bangladesh,0.488153,2026-03-26
Botswana,Afghanistan,0.476322,2026-03-26
Spain,Czechia,0.040127,2026-03-26
Spain,Romania,0.017224,2026-03-26
Spain,Costa Rica,0.012534,2026-03-26
Spain,Canada,0.012059,2026-03-26
Spain,Serbia,0.008086,2026-03-26
Burundi,Liechtenstein,0.811272,2026-03-26
Burundi,Syria,0.773156,2026-03-26
Burundi,Haiti,0.740587,2026-03-26
Burundi,Algeria,0.712285,2026-03-26
Burundi,Malawi,0.705206,2026-03-26
Gabon,Senegal,0.876471,2026-03-26
Gabon,Guinea-Bissau,0.768005,2026-03-26
Gabon,Namibia,0.754927,2026-03-26
Gabon,Cameroon,0.574029,2026-03-26
Gabon,Nigeria,0.568247,2026-03-26
Djibouti,Saint Lucia,0.945676,2026-03-26
Djibouti,Saint Vincent and the Grenadines,0.9451,2026-03-26
Djibouti,Grenada,0.923413,2026-03-26
Djibouti,Mauritania,0.893139,2026-03-26
Djibouti,Somalia,0.872909,2026-03-26
Saint Kitts and Nevis,Kiribati,0.910937,2026-03-26
Saint Kitts and Nevis,Belarus,0.797399,2026-03-26
Saint Kitts and Nevis,Sao Tome and Principe,0.789158,2026-03-26
Saint Kitts and Nevis,Tajikistan,0.78874,2026-03-26
Saint Kitts and Nevis,Comoros,0.778949,2026-03-26
Oman,Seychelles,0.91055,2026-03-26
Oman,Tonga,0.804419,2026-03-26
Oman,Kiribati,0.788405,2026-03-26
Oman,Belarus,0.771501,2026-03-26
Oman,Vanuatu,0.768556,2026-03-26
Lesotho,Central African Republic,0.913812,2026-03-26
Lesotho,Somalia,0.86972,2026-03-26
Lesotho,Guyana,0.83003,2026-03-26
Lesotho,Bahamas,0.823214,2026-03-26
Lesotho,Mauritania,0.822423,2026-03-26
Mozambique,Venezuela,0.793602,2026-03-26
Mozambique,Turkey,0.663845,2026-03-26
Mozambique,Egypt,0.645817,2026-03-26
Mozambique,Tanzania,0.608144,2026-03-26
Mozambique,Fiji,0.596634,2026-03-26
South Africa,Slovenia,0.597064,2026-03-26
South Africa,India,0.348135,2026-03-26
South Africa,Bahrain,0.335545,2026-03-26
South Africa,Peru,0.304137,2026-03-26
South Africa,Portugal,0.293629,2026-03-26
Central African Republic,Lesotho,0.913812,2026-03-26
Central African Republic,Vanuatu,0.854275,2026-03-26
Central African Republic,Tajikistan,0.853847,2026-03-26
Central African Republic,Somalia,0.847775,2026-03-26
Central African Republic,Sao Tome and Principe,0.844336,2026-03-26
Bosnia and Herzegovina,Ethiopia,0.625497,2026-03-26
Bosnia and Herzegovina,Jamaica,0.595876,2026-03-26
Bosnia and Herzegovina,Ghana,0.592869,2026-03-26
Bosnia and Herzegovina,Senegal,0.588328,2026-03-26
Bosnia and Herzegovina,Guinea,0.577898,2026-03-26
Costa Rica,Romania,0.387587,2026-03-26
Costa Rica,Czechia,0.050018,2026-03-26
Costa Rica,Serbia,0.048536,2026-03-26
Costa Rica,Singapore,0.038855,2026-03-26
Costa Rica,Spain,0.012534,2026-03-26
Tonga,Seychelles,0.843133,2026-03-26
Tonga,Oman,0.804419,2026-03-26
Tonga,Uruguay,0.778614,2026-03-26
Tonga,Iceland,0.778412,2026-03-26
Tonga,Maldives,0.722866,2026-03-26
Belize,Kazakhstan,0.830142,2026-03-26
Belize,Turkey,0.757729,2026-03-26
Belize,Paraguay,0.734643,2026-03-26
Belize,Sri Lanka,0.716289,2026-03-26
Belize,Morocco,0.716261,2026-03-26
Ethiopia,Eswatini,0.772217,2026-03-26
Ethiopia,Guinea,0.735161,2026-03-26
Ethiopia,Suriname,0.714023,2026-03-26
Ethiopia,Solomon Islands,0.712187,2026-03-26
Ethiopia,Kyrgyzstan,0.69753,2026-03-26
Guinea,Solomon Islands,0.903083,2026-03-26
Guinea,Suriname,0.88254,2026-03-26
Guinea,Bahamas,0.818138,2026-03-26
Guinea,Dominica,0.779752,2026-03-26
Guinea,Guyana,0.744585,2026-03-26
Papua New Guinea,Cote d'Ivoire,0.824917,2026-03-26
Papua New Guinea,Niger,0.680224,2026-03-26
Papua New Guinea,Cameroon,0.633662,2026-03-26
Papua New Guinea,Mali,0.611029,2026-03-26
Papua New Guinea,Iraq,0.58229,2026-03-26
Netherlands,Moldova,0.483417,2026-03-26
Netherlands,Israel,0.196305,2026-03-26
Netherlands,Singapore,0.164742,2026-03-26
Netherlands,Iran,0.092757,2026-03-26
Netherlands,Peru,0.049399,2026-03-26
Guatemala,Bolivia,0.376806,2026-03-26
Guatemala,Philippines,0.342184,2026-03-26
Guatemala,Hungary,0.326905,2026-03-26
Guatemala,Colombia,0.30608,2026-03-26
Guatemala,Lebanon,0.297976,2026-03-26
Iran,Peru,0.281009,2026-03-26
Iran,Bahrain,0.221296,2026-03-26
Iran,Slovenia,0.207547,2026-03-26
Iran,Israel,0.181763,2026-03-26
Iran,South Africa,0.167889,2026-03-26
Equatorial Guinea,Madagascar,0.894549,2026-03-26
Equatorial Guinea,Syria,0.79839,2026-03-26
Equatorial Guinea,Sudan,0.79591,2026-03-26
Equatorial Guinea,Micronesia,0.788719,2026-03-26
Equatorial Guinea,Antarctica,0.788719,2026-03-26
Mexico,Italy,0.000147,2026-03-26
Mexico,Chile,3.6e-05,2026-03-26
Mexico,Poland,7e-06,2026-03-26
Mexico,United Kingdom,0.0,2026-03-26
Mexico,France,0.0,2026-03-26
Singapore,Netherlands,0.164742,2026-03-26
Singapore,Moldova,0.091522,2026-03-26
Singapore,Israel,0.045068,2026-03-26
Singapore,Costa Rica,0.038855,2026-03-26
Singapore,Romania,0.022783,2026-03-26
Eritrea,Haiti,0.634948,2026-03-26
Eritrea,Burundi,0.518084,2026-03-26
Eritrea,Malawi,0.458958,2026-03-26
Eritrea,Solomon Islands,0.456383,2026-03-26
Eritrea,Liechtenstein,0.434383,2026-03-26
Diamond Princess,"Korea, North",1.0,2026-03-26
Diamond Princess,Antarctica,1.0,2026-03-26
Diamond Princess,West Bank and Gaza,1.0,2026-03-26
Diamond Princess,Holy See,1.0,2026-03-26
Diamond Princess,Micronesia,1.0,2026-03-26
Saint Lucia,Saint Vincent and the Grenadines,0.995498,2026-03-26
Saint Lucia,Grenada,0.949575,2026-03-26
Saint Lucia,Djibouti,0.945676,2026-03-26
Saint Lucia,Somalia,0.849889,2026-03-26
Saint Lucia,Mauritania,0.845897,2026-03-26
Philippines,Colombia,0.808701,2026-03-26
Philippines,Hungary,0.70602,2026-03-26
Philippines,Bolivia,0.704078,2026-03-26
Philippines,Argentina,0.57567,2026-03-26
Philippines,Lebanon,0.477805,2026-03-26
Georgia,Slovakia,0.49902,2026-03-26
Georgia,Indonesia,0.28157,2026-03-26
Georgia,India,0.213293,2026-03-26
Georgia,Cyprus,0.204175,2026-03-26
Georgia,Switzerland,0.174737,2026-03-26
North Macedonia,Kazakhstan,0.803112,2026-03-26
North Macedonia,Sao Tome and Principe,0.802405,2026-03-26
North Macedonia,Tajikistan,0.791939,2026-03-26
North Macedonia,Comoros,0.765818,2026-03-26
North Macedonia,Central African Republic,0.758197,2026-03-26
Kazakhstan,Belize,0.830142,2026-03-26
Kazakhstan,North Macedonia,0.803112,2026-03-26
Kazakhstan,Tajikistan,0.779782,2026-03-26
Kazakhstan,Paraguay,0.776802,2026-03-26
Kazakhstan,Dominican Republic,0.735515,2026-03-26
Malawi,Chad,0.918208,2026-03-26
Malawi,Gambia,0.875261,2026-03-26
Malawi,Algeria,0.846744,2026-03-26
Malawi,Kyrgyzstan,0.842562,2026-03-26
Malawi,Syria,0.819164,2026-03-26
Nepal,Bangladesh,0.678498,2026-03-26
Nepal,Rwanda,0.631355,2026-03-26
Nepal,Fiji,0.600872,2026-03-26
Nepal,Greece,0.460307,2026-03-26
Nepal,Ecuador,0.458617,2026-03-26
Japan,"Korea, South",1.5e-05,2026-03-26
Japan,Russia,0.0,2026-03-26
Japan,Germany,0.0,2026-03-26
Japan,Austria,0.0,2026-03-26
Japan,France,0.0,2026-03-26
Maldives,Belarus,0.91077,2026-03-26
Maldives,Iceland,0.847646,2026-03-26
Maldives,Samoa,0.832018,2026-03-26
Maldives,Kiribati,0.801538,2026-03-26
Maldives,Bhutan,0.749523,2026-03-26
Comoros,Sao Tome and Principe,0.861574,2026-03-26
Comoros,Central African Republic,0.794711,2026-03-26
Comoros,Tajikistan,0.77978,2026-03-26
Comoros,Saint Kitts and Nevis,0.778949,2026-03-26
Comoros,Albania,0.771566,2026-03-26
Poland,Chile,0.047923,2026-03-26
Poland,Mexico,7e-06,2026-03-26
Poland,Australia,1e-06,2026-03-26
Poland,Brazil,0.0,2026-03-26
Poland,Italy,0.0,2026-03-26
Serbia,Czechia,0.189254,2026-03-26
Serbia,Romania,0.056715,2026-03-26
Serbia,Costa Rica,0.048536,2026-03-26
Serbia,Spain,0.008086,2026-03-26
Serbia,Singapore,0.007709,2026-03-26
Tanzania,Egypt,0.632788,2026-03-26
Tanzania,Afghanistan,0.621395,2026-03-26
Tanzania,Mozambique,0.608144,2026-03-26
Tanzania,Nigeria,0.59596,2026-03-26
Tanzania,Botswana,0.52142,2026-03-26
Mauritania,South Sudan,0.921937,2026-03-26
Mauritania,Djibouti,0.893139,2026-03-26
Mauritania,Somalia,0.889787,2026-03-26
Mauritania,Saint Vincent and the Grenadines,0.846209,2026-03-26
Mauritania,Saint Lucia,0.845897,2026-03-26
Ireland,Mauritius,0.779383,2026-03-26
Ireland,Finland,0.723604,2026-03-26
Ireland,Qatar,0.54778,2026-03-26
Ireland,Denmark,0.436855,2026-03-26
Ireland,Sweden,0.377401,2026-03-26
Cuba,Uruguay,0.861282,2026-03-26
Cuba,Bhutan,0.856689,2026-03-26
Cuba,Tuvalu,0.772236,2026-03-26
Cuba,Nauru,0.766206,2026-03-26
Cuba,Cambodia,0.755643,2026-03-26
Sao Tome and Principe,Comoros,0.861574,2026-03-26
Sao Tome and Principe,Central African Republic,0.844336,2026-03-26
Sao Tome and Principe,Tajikistan,0.806745,2026-03-26
Sao Tome and Principe,Somalia,0.805757,2026-03-26
Sao Tome and Principe,North Macedonia,0.802405,2026-03-26
Saint Vincent and the Grenadines,Saint Lucia,0.995498,2026-03-26
Saint Vincent and the Grenadines,Grenada,0.95387,2026-03-26
Saint Vincent and the Grenadines,Djibouti,0.9451,2026-03-26
Saint Vincent and the Grenadines,Somalia,0.852667,2026-03-26
Saint Vincent and the Grenadines,Mauritania,0.846209,2026-03-26
Denmark,Sweden,0.740252,2026-03-26
Denmark,Argentina,0.615087,2026-03-26
Denmark,Qatar,0.562658,2026-03-26
Denmark,Finland,0.557899,2026-03-26
Denmark,Colombia,0.534135,2026-03-26
Laos,El Salvador,0.95069,2026-03-26
Laos,Sri Lanka,0.856828,2026-03-26
Laos,Morocco,0.796352,2026-03-26
Laos,Fiji,0.65756,2026-03-26
Laos,Liberia,0.656743,2026-03-26
France,United Kingdom,0.003168,2026-03-26
France,Italy,6e-06,2026-03-26
France,Austria,0.0,2026-03-26
France,Mexico,0.0,2026-03-26
France,Chile,0.0,2026-03-26
Pakistan,Croatia,0.515388,2026-03-26
Pakistan,Venezuela,0.474276,2026-03-26
Pakistan,Mozambique,0.423389,2026-03-26
Pakistan,Ghana,0.37099,2026-03-26
Pakistan,Saudi Arabia,0.357858,2026-03-26
MS Zaandam,"Korea, North",1.0,2026-03-26
MS Zaandam,Antarctica,1.0,2026-03-26
MS Zaandam,West Bank and Gaza,1.0,2026-03-26
MS Zaandam,Holy See,1.0,2026-03-26
MS Zaandam,Micronesia,1.0,2026-03-26
Kiribati,Saint Kitts and Nevis,0.910937,2026-03-26
Kiribati,Belarus,0.874613,2026-03-26
Kiribati,Maldives,0.801538,2026-03-26
Kiribati,Oman,0.788405,2026-03-26
Kiribati,Seychelles,0.753602,2026-03-26
Angola,Iraq,0.885674,2026-03-26
Angola,Benin,0.793594,2026-03-26
Angola,Mali,0.749452,2026-03-26
Angola,Niger,0.701905,2026-03-26
Angola,Zambia,0.659824,2026-03-26
Vietnam,Uruguay,0.745341,2026-03-26
Vietnam,Cuba,0.732897,2026-03-26
Vietnam,Tonga,0.69226,2026-03-26
Vietnam,Cambodia,0.67616,2026-03-26
Vietnam,Bhutan,0.661424,2026-03-26
Bahamas,Suriname,0.911711,2026-03-26
Bahamas,Guyana,0.88729,2026-03-26
Bahamas,Dominica,0.881697,2026-03-26
Bahamas,Lesotho,0.823214,2026-03-26
Bahamas,Guinea,0.818138,2026-03-26
Sweden,Denmark,0.740252,2026-03-26
Sweden,Argentina,0.695444,2026-03-26
Sweden,Hungary,0.570772,2026-03-26
Sweden,Colombia,0.53929,2026-03-26
Sweden,Lebanon,0.506669,2026-03-26
Burkina Faso,Benin,0.792776,2026-03-26
Burkina Faso,Yemen,0.684412,2026-03-26
Burkina Faso,Iraq,0.64819,2026-03-26
Burkina Faso,Angola,0.632541,2026-03-26
Burkina Faso,Mali,0.546208,2026-03-26
Bhutan,Samoa,0.869243,2026-03-26
Bhutan,Cuba,0.856689,2026-03-26
Bhutan,Uruguay,0.84408,2026-03-26
Bhutan,Tuvalu,0.819993,2026-03-26
Bhutan,Nauru,0.805863,2026-03-26
Timor-Leste,"Korea, North",0.997147,2026-03-26
Timor-Leste,West Bank and Gaza,0.997147,2026-03-26
Timor-Leste,Antarctica,0.997147,2026-03-26
Timor-Leste,Micronesia,0.997147,2026-03-26
Timor-Leste,Summer Olympics 2020,0.997147,2026-03-26
Slovenia,South Africa,0.597064,2026-03-26
Slovenia,Bahrain,0.550779,2026-03-26
Slovenia,Peru,0.485147,2026-03-26
Slovenia,Portugal,0.414906,2026-03-26
Slovenia,India,0.402197,2026-03-26
Cambodia,Bhutan,0.805856,2026-03-26
Cambodia,Samoa,0.782796,2026-03-26
Cambodia,Uruguay,0.765312,2026-03-26
Cambodia,Cuba,0.755643,2026-03-26
Cambodia,Iceland,0.738172,2026-03-26
Sri Lanka,El Salvador,0.883655,2026-03-26
Sri Lanka,Laos,0.856828,2026-03-26
Sri Lanka,Morocco,0.788853,2026-03-26
Sri Lanka,Belize,0.716289,2026-03-26
Sri Lanka,Oman,0.693944,2026-03-26
Taiwan*,"Korea, North",1.0,2026-03-26
Taiwan*,Antarctica,1.0,2026-03-26
Taiwan*,West Bank and Gaza,1.0,2026-03-26
Taiwan*,Holy See,1.0,2026-03-26
Taiwan*,Micronesia,1.0,2026-03-26
Algeria,Gambia,0.915778,2026-03-26
Algeria,Kyrgyzstan,0.883167,2026-03-26
Algeria,Syria,0.881324,2026-03-26
Algeria,Chad,0.859059,2026-03-26
Algeria,Malawi,0.846744,2026-03-26
Winter Olympics 2022,"Korea, North",1.0,2026-03-26
Winter Olympics 2022,Antarctica,1.0,2026-03-26
Winter Olympics 2022,West Bank and Gaza,1.0,2026-03-26
Winter Olympics 2022,Holy See,1.0,2026-03-26
Winter Olympics 2022,Micronesia,1.0,2026-03-26
Brazil,New Zealand,0.037838,2026-03-26
Brazil,Belgium,0.007476,2026-03-26
Brazil,Australia,0.003506,2026-03-26
Brazil,Ukraine,0.003043,2026-03-26
Brazil,Canada,1.2e-05,2026-03-26
China,Liberia,0.581474,2026-03-26
China,Vietnam,0.548746,2026-03-26
China,Laos,0.481711,2026-03-26
China,Uruguay,0.479905,2026-03-26
China,El Salvador,0.479411,2026-03-26
Uganda,Ghana,0.856197,2026-03-26
Uganda,Kenya,0.668597,2026-03-26
Uganda,Nigeria,0.56709,2026-03-26
Uganda,Egypt,0.551965,2026-03-26
Uganda,Bosnia and Herzegovina,0.520049,2026-03-26
Romania,Costa Rica,0.387587,2026-03-26
Romania,Czechia,0.065059,2026-03-26
Romania,Serbia,0.056715,2026-03-26
Romania,Singapore,0.022783,2026-03-26
Romania,Spain,0.017224,2026-03-26
Ecuador,Greece,0.876926,2026-03-26
Ecuador,Nicaragua,0.80632,2026-03-26
Ecuador,Antigua and Barbuda,0.708577,2026-03-26
Ecuador,Turkey,0.674331,2026-03-26
Ecuador,Fiji,0.657571,2026-03-26
Jamaica,Ethiopia,0.620816,2026-03-26
Jamaica,Bosnia and Herzegovina,0.595876,2026-03-26
Jamaica,Eswatini,0.593288,2026-03-26
Jamaica,Uzbekistan,0.554933,2026-03-26
Jamaica,Barbados,0.545064,2026-03-26
Samoa,Bhutan,0.869243,2026-03-26
Samoa,Maldives,0.832018,2026-03-26
Samoa,Iceland,0.810292,2026-03-26
Samoa,Cambodia,0.782796,2026-03-26
Samoa,Tuvalu,0.781881,2026-03-26
Thailand,Latvia,0.761246,2026-03-26
Thailand,Iceland,0.73888,2026-03-26
Thailand,Maldives,0.6551,2026-03-26
Thailand,Dominican Republic,0.63601,2026-03-26
Thailand,Belarus,0.633656,2026-03-26
Kyrgyzstan,Gambia,0.902185,2026-03-26
Kyrgyzstan,Algeria,0.883167,2026-03-26
Kyrgyzstan,Chad,0.881509,2026-03-26
Kyrgyzstan,Sudan,0.872303,2026-03-26
Kyrgyzstan,Malawi,0.842562,2026-03-26
Liberia,Tonga,0.706361,2026-03-26
Liberia,Seychelles,0.673681,2026-03-26
Liberia,El Salvador,0.67063,2026-03-26
Liberia,Sri Lanka,0.661234,2026-03-26
Liberia,Laos,0.656743,2026-03-26
Monaco,Seychelles,0.598016,2026-03-26
Monaco,Oman,0.59347,2026-03-26
Monaco,Tonga,0.584121,2026-03-26
Monaco,Belarus,0.558504,2026-03-26
Monaco,Kiribati,0.558404,2026-03-26
Iceland,Maldives,0.847646,2026-03-26
Iceland,Samoa,0.810292,2026-03-26
Iceland,Belarus,0.800017,2026-03-26
Iceland,Bhutan,0.790691,2026-03-26
Iceland,Tonga,0.778412,2026-03-26
Burma,Congo (Brazzaville),0.985816,2026-03-26
Burma,Palau,0.963538,2026-03-26
Burma,Timor-Leste,0.960789,2026-03-26
Burma,Micronesia,0.958048,2026-03-26
Burma,Antarctica,0.958048,2026-03-26
Suriname,Bahamas,0.911711,2026-03-26
Suriname,Guinea,0.88254,2026-03-26
Suriname,Dominica,0.849155,2026-03-26
Suriname,Guyana,0.838412,2026-03-26
Suriname,Lesotho,0.809743,2026-03-26
Colombia,Philippines,0.808701,2026-03-26
Colombia,Hungary,0.781719,2026-03-26
Colombia,Argentina,0.694515,2026-03-26
Colombia,Bolivia,0.630094,2026-03-26
Colombia,Sweden,0.53929,2026-03-26
Mongolia,Zambia,0.468643,2026-03-26
Mongolia,Zimbabwe,0.409667,2026-03-26
Mongolia,Botswana,0.407438,2026-03-26
Mongolia,Benin,0.362561,2026-03-26
Mongolia,Burkina Faso,0.361723,2026-03-26
Hungary,Colombia,0.781719,2026-03-26
Hungary,Philippines,0.70602,2026-03-26
Hungary,Argentina,0.689845,2026-03-26
Hungary,Bolivia,0.649466,2026-03-26
Hungary,Sweden,0.570772,2026-03-26
Benin,Iraq,0.797951,2026-03-26
Benin,Angola,0.793594,2026-03-26
Benin,Burkina Faso,0.792776,2026-03-26
Benin,Yemen,0.655493,2026-03-26
Benin,Mali,0.654282,2026-03-26
Egypt,Nigeria,0.783165,2026-03-26
Egypt,Namibia,0.654542,2026-03-26
Egypt,Mozambique,0.645817,2026-03-26
Egypt,Tanzania,0.632788,2026-03-26
Egypt,Kenya,0.618651,2026-03-26
Qatar,Finland,0.600632,2026-03-26
Qatar,Mauritius,0.582478,2026-03-26
Qatar,Denmark,0.562658,2026-03-26
Qatar,Ireland,0.54778,2026-03-26
Qatar,Sweden,0.441427,2026-03-26
Togo,Mali,0.697313,2026-03-26
Togo,Niger,0.655886,2026-03-26
Togo,Kenya,0.648663,2026-03-26
Togo,Iraq,0.593893,2026-03-26
Togo,Angola,0.582572,2026-03-26
Rwanda,Nepal,0.631355,2026-03-26
Rwanda,Bangladesh,0.625259,2026-03-26
Rwanda,Botswana,0.561126,2026-03-26
Rwanda,Tanzania,0.484104,2026-03-26
Rwanda,Zambia,0.443359,2026-03-26
Dominica,Guyana,0.89314,2026-03-26
Dominica,Bahamas,0.881697,2026-03-26
Dominica,Suriname,0.849155,2026-03-26
Dominica,Guinea,0.779752,2026-03-26
Dominica,Lesotho,0.757691,2026-03-26
Seychelles,Oman,0.91055,2026-03-26
Seychelles,Tonga,0.843133,2026-03-26
Seychelles,Vanuatu,0.762329,2026-03-26
Seychelles,Kiribati,0.753602,2026-03-26
Seychelles,Belarus,0.74854,2026-03-26
Congo (Kinshasa),"Korea, North",1.0,2026-03-26
Congo (Kinshasa),Antarctica,1.0,2026-03-26
Congo (Kinshasa),West Bank and Gaza,1.0,2026-03-26
Congo (Kinshasa),Holy See,1.0,2026-03-26
Congo (Kinshasa),Micronesia,1.0,2026-03-26
Malta,Nicaragua,0.714514,2026-03-26
Malta,Ecuador,0.652048,2026-03-26
Malta,Greece,0.605716,2026-03-26
Malta,Vietnam,0.602478,2026-03-26
Malta,Cambodia,0.59157,2026-03-26
Italy,United Kingdom,0.00175,2026-03-26
Italy,Mexico,0.000147,2026-03-26
Italy,France,6e-06,2026-03-26
Italy,Chile,0.0,2026-03-26
Italy,Poland,0.0,2026-03-26
Somalia,Mauritania,0.889787,2026-03-26
Somalia,Grenada,0.878268,2026-03-26
Somalia,Djibouti,0.872909,2026-03-26
Somalia,Lesotho,0.86972,2026-03-26
Somalia,Saint Vincent and the Grenadines,0.852667,2026-03-26
Chad,Gambia,0.920815,2026-03-26
Chad,Malawi,0.918208,2026-03-26
Chad,Kyrgyzstan,0.881509,2026-03-26
Chad,Algeria,0.859059,2026-03-26
Chad,Sudan,0.836292,2026-03-26
Haiti,Burundi,0.740587,2026-03-26
Haiti,Malawi,0.639528,2026-03-26
Haiti,Eritrea,0.634948,2026-03-26
Haiti,Liechtenstein,0.628253,2026-03-26
Haiti,Syria,0.624078,2026-03-26
Chile,Poland,0.047923,2026-03-26
Chile,Mexico,3.6e-05,2026-03-26
Chile,Australia,0.0,2026-03-26
Chile,Italy,0.0,2026-03-26
Chile,Brazil,0.0,2026-03-26
Solomon Islands,Guinea,0.903083,2026-03-26
Solomon Islands,Suriname,0.806698,2026-03-26
Solomon Islands,Bahamas,0.757457,2026-03-26
Solomon Islands,Dominica,0.74445,2026-03-26
Solomon Islands,Sierra Leone,0.714051,2026-03-26
Switzerland,Indonesia,0.255613,2026-03-26
Switzerland,Guatemala,0.253067,2026-03-26
Switzerland,Slovakia,0.247387,2026-03-26
Switzerland,Cyprus,0.239672,2026-03-26
Switzerland,Malaysia,0.20141,2026-03-26
Bulgaria,Lebanon,0.593905,2026-03-26
Bulgaria,Armenia,0.591535,2026-03-26
Bulgaria,Luxembourg,0.514664,2026-03-26
Bulgaria,Montenegro,0.442421,2026-03-26
Bulgaria,Bolivia,0.394482,2026-03-26
Cabo Verde,"Korea, North",1.0,2026-03-26
Cabo Verde,Antarctica,1.0,2026-03-26
Cabo Verde,West Bank and Gaza,1.0,2026-03-26
Cabo Verde,Holy See,1.0,2026-03-26
Cabo Verde,Micronesia,1.0,2026-03-26
Palau,Timor-Leste,0.997147,2026-03-26
Palau,West Bank and Gaza,0.994302,2026-03-26
Palau,"Korea, North",0.994302,2026-03-26
Palau,Micronesia,0.994302,2026-03-26
Palau,Summer Olympics 2020,0.994302,2026-03-26
Sudan,Kyrgyzstan,0.872303,2026-03-26
Sudan,Gambia,0.867622,2026-03-26
Sudan,South Sudan,0.837874,2026-03-26
Sudan,Chad,0.836292,2026-03-26
Sudan,Algeria,0.831072,2026-03-26
Cote d'Ivoire,Papua New Guinea,0.824917,2026-03-26
Cote d'Ivoire,Cameroon,0.633986,2026-03-26
Cote d'Ivoire,Niger,0.591163,2026-03-26
Cote d'Ivoire,Mali,0.517662,2026-03-26
Cote d'Ivoire,Afghanistan,0.511006,2026-03-26
Czechia,Serbia,0.189254,2026-03-26
Czechia,Romania,0.065059,2026-03-26
Czechia,Costa Rica,0.050018,2026-03-26
Czechia,Spain,0.040127,2026-03-26
Czechia,Singapore,0.003254,2026-03-26
Jordan,North Macedonia,0.752586,2026-03-26
Jordan,Kazakhstan,0.728921,2026-03-26
Jordan,Belize,0.694101,2026-03-26
Jordan,Paraguay,0.636411,2026-03-26
Jordan,Tajikistan,0.62367,2026-03-26
Malaysia,Cyprus,0.629959,2026-03-26
Malaysia,Indonesia,0.510895,2026-03-26
Malaysia,Slovakia,0.304197,2026-03-26
Malaysia,Guatemala,0.278592,2026-03-26
Malaysia,Brunei,0.223635,2026-03-26
Mali,Iraq,0.805019,2026-03-26
Mali,Angola,0.749452,2026-03-26
Mali,Togo,0.697313,2026-03-26
Mali,Niger,0.689684,2026-03-26
Mali,Benin,0.654282,2026-03-26
Tuvalu,Nauru,0.979463,2026-03-26
Tuvalu,Bhutan,0.819993,2026-03-26
Tuvalu,Samoa,0.781881,2026-03-26
Tuvalu,Cuba,0.772236,2026-03-26
Tuvalu,Cambodia,0.733654,2026-03-26
Kosovo,Azerbaijan,0.677092,2026-03-26
Kosovo,Tunisia,0.652742,2026-03-26
Kosovo,Honduras,0.650756,2026-03-26
Kosovo,Albania,0.589924,2026-03-26
Kosovo,Uzbekistan,0.570517,2026-03-26
Liechtenstein,Burundi,0.811272,2026-03-26
Liechtenstein,Syria,0.788686,2026-03-26
Liechtenstein,Congo (Brazzaville),0.775933,2026-03-26
Liechtenstein,Burma,0.775746,2026-03-26
Liechtenstein,Palau,0.774938,2026-03-26
Bangladesh,Nepal,0.678498,2026-03-26
Bangladesh,Rwanda,0.625259,2026-03-26
Bangladesh,Fiji,0.557909,2026-03-26
Bangladesh,Mozambique,0.528648,2026-03-26
Bangladesh,Tanzania,0.511545,2026-03-26
Ghana,Uganda,0.856197,2026-03-26
Ghana,Kenya,0.654479,2026-03-26
Ghana,Egypt,0.613523,2026-03-26
Ghana,Nigeria,0.60068,2026-03-26
Ghana,Bosnia and Herzegovina,0.592869,2026-03-26
Niger,Iraq,0.709129,2026-03-26
Niger,Angola,0.701905,2026-03-26
Niger,Mali,0.689684,2026-03-26
Niger,Papua New Guinea,0.680224,2026-03-26
Niger,Afghanistan,0.656634,2026-03-26
Honduras,Barbados,0.755269,2026-03-26
Honduras,Paraguay,0.727935,2026-03-26
Honduras,Tunisia,0.719504,2026-03-26
Honduras,Dominican Republic,0.668023,2026-03-26
Honduras,Azerbaijan,0.655844,2026-03-26
Belgium,New Zealand,0.019285,2026-03-26
Belgium,Brazil,0.007476,2026-03-26
Belgium,Ukraine,0.007466,2026-03-26
Belgium,Canada,9.6e-05,2026-03-26
Belgium,Australia,8.2e-05,2026-03-26
Trinidad and Tobago,San Marino,0.076077,2026-03-26
Trinidad and Tobago,Andorra,0.001411,2026-03-26
Trinidad and Tobago,Lithuania,0.001075,2026-03-26
Trinidad and Tobago,Ireland,0.000743,2026-03-26
Trinidad and Tobago,Mauritius,0.000715,2026-03-26
Barbados,Paraguay,0.782018,2026-03-26
Barbados,Honduras,0.755269,2026-03-26
Barbados,Dominican Republic,0.7439,2026-03-26
Barbados,Uzbekistan,0.692697,2026-03-26
Barbados,Latvia,0.662809,2026-03-26
Turkey,Greece,0.767891,2026-03-26
Turkey,Belize,0.757729,2026-03-26
Turkey,Morocco,0.733411,2026-03-26
Turkey,Antigua and Barbuda,0.728865,2026-03-26
Turkey,Fiji,0.701307,2026-03-26
Montenegro,Armenia,0.68171,2026-03-26
Montenegro,Estonia,0.601703,2026-03-26
Montenegro,Kuwait,0.579158,2026-03-26
Montenegro,Uzbekistan,0.539241,2026-03-26
Montenegro,Norway,0.51626,2026-03-26
Vanuatu,Tajikistan,0.894182,2026-03-26
Vanuatu,Central African Republic,0.854275,2026-03-26
Vanuatu,Guyana,0.832407,2026-03-26
Vanuatu,Lesotho,0.803885,2026-03-26
Vanuatu,Albania,0.798543,2026-03-26
Lithuania,Georgia,0.121729,2026-03-26
Lithuania,Slovakia,0.109862,2026-03-26
Lithuania,Indonesia,0.070037,2026-03-26
Lithuania,Cyprus,0.062215,2026-03-26
Lithuania,Malaysia,0.061905,2026-03-26
"Korea, South",Japan,1.5e-05,2026-03-26
"Korea, South",Russia,0.0,2026-03-26
"Korea, South",Germany,0.0,2026-03-26
"Korea, South",Austria,0.0,2026-03-26
"Korea, South",France,0.0,2026-03-26
Antigua and Barbuda,Greece,0.76201,2026-03-26
Antigua and Barbuda,Turkey,0.728865,2026-03-26
Antigua and Barbuda,Belize,0.714847,2026-03-26
Antigua and Barbuda,Ecuador,0.708577,2026-03-26
Antigua and Barbuda,Kazakhstan,0.693677,2026-03-26
Namibia,Guinea-Bissau,0.827353,2026-03-26
Namibia,Gabon,0.754927,2026-03-26
Namibia,Nigeria,0.719971,2026-03-26
Namibia,Cameroon,0.679755,2026-03-26
Namibia,Senegal,0.663344,2026-03-26
Guyana,Dominica,0.89314,2026-03-26
Guyana,Bahamas,0.88729,2026-03-26
Guyana,Suriname,0.838412,2026-03-26
Guyana,Vanuatu,0.832407,2026-03-26
Guyana,Lesotho,0.83003,2026-03-26
Austria,France,0.0,2026-03-26
Austria,United Kingdom,0.0,2026-03-26
Austria,Italy,0.0,2026-03-26
Austria,Mexico,0.0,2026-03-26
Austria,Germany,0.0,2026-03-26
United Arab Emirates,Brunei,0.535659,2026-03-26
United Arab Emirates,Denmark,0.53227,2026-03-26
United Arab Emirates,Colombia,0.524701,2026-03-26
United Arab Emirates,Argentina,0.515459,2026-03-26
United Arab Emirates,Hungary,0.478763,2026-03-26
Slovakia,Indonesia,0.525614,2026-03-26
Slovakia,Georgia,0.49902,2026-03-26
Slovakia,Cyprus,0.399933,2026-03-26
Slovakia,Malaysia,0.304197,2026-03-26
Slovakia,Switzerland,0.247387,2026-03-26
Finland,Ireland,0.723604,2026-03-26
Finland,Mauritius,0.651013,2026-03-26
Finland,Qatar,0.600632,2026-03-26
Finland,Denmark,0.557899,2026-03-26
Finland,Sweden,0.502774,2026-03-26
Bolivia,Philippines,0.704078,2026-03-26
Bolivia,Hungary,0.649466,2026-03-26
Bolivia,Colombia,0.630094,2026-03-26
Bolivia,Lebanon,0.605603,2026-03-26
Bolivia,Argentina,0.510043,2026-03-26
Senegal,Gabon,0.876471,2026-03-26
Senegal,Guinea-Bissau,0.691316,2026-03-26
Senegal,Namibia,0.663344,2026-03-26
Senegal,Bosnia and Herzegovina,0.588328,2026-03-26
Senegal,Syria,0.547692,2026-03-26
Zimbabwe,Burkina Faso,0.498794,2026-03-26
Zimbabwe,Benin,0.490655,2026-03-26
Zimbabwe,Zambia,0.484769,2026-03-26
Zimbabwe,Angola,0.463578,2026-03-26
Zimbabwe,Iraq,0.44082,2026-03-26
